Date,Open,High,Low,Close,Adj Close,Volume,feature1,feature2,feature3,feature4,feature5
4/24/2023,1.35384,1.35662,1.35228,1.35384,1.35384,0,0.0,0.0,0.0,0.0,0.0
4/25/2023,1.35337,1.36284,1.3523,1.35337,1.35337,0,0.0,0.0,0.0,0.0,0.0
4/26/2023,1.36184,1.36417,1.35994,1.36184,1.36184,0,0.0,0.0,0.0,0.0,0.0
4/27/2023,1.36307,1.36438,1.35927,1.36307,1.36307,0,0.0,0.0,0.0,0.0,0.0
4/28/2023,1.35997,1.36667,1.35524,1.35997,1.35997,0,0.0,0.0,0.0,0.0,0.0
5/1/2023,1.35591,1.35821,1.35313,1.35591,1.35591,0,0.0,0.0,0.0,0.0,0.0
5/2/2023,1.3552,1.36366,1.35279,1.3552,1.3552,0,0.0,0.0,0.0,0.0,0.0
5/3/2023,1.36195,1.36386,1.36036,1.36195,1.36195,0,0.0,0.0,0.0,0.0,0.0
5/4/2023,1.36319,1.36312,1.3571,1.36319,1.36319,0,0.0,0.0,0.0,0.0,0.0
5/5/2023,1.3523,1.35289,1.34183,1.3523,1.3523,0,0.0,0.0,0.0,0.0,0.0
5/8/2023,1.338,1.33855,1.33158,1.338,1.338,0,0.0,0.0,0.0,0.0,0.0
5/9/2023,1.33724,1.34048,1.3364,1.33724,1.33724,0,0.0,0.0,0.0,0.0,0.0
5/10/2023,1.3375,1.33961,1.33355,1.3375,1.3375,0,0.0,0.0,0.0,0.0,0.0
5/11/2023,1.33721,1.34937,1.3363,1.33721,1.33721,0,0.0,0.0,0.0,0.0,0.0
5/12/2023,1.3493,1.35436,1.34804,1.3493,1.3493,0,0.0,0.0,0.0,0.0,0.0
5/15/2023,1.3554,1.35669,1.34822,1.3554,1.3554,0,0.0,0.0,0.0,0.0,0.0
5/16/2023,1.3465,1.34924,1.3406,1.3465,1.3465,0,0.0,0.0,0.0,0.0,0.0
5/17/2023,1.34772,1.35353,1.34429,1.34772,1.34772,0,0.0,0.0,0.0,0.0,0.0
5/18/2023,1.34667,1.35091,1.3451,1.34667,1.34667,0,0.0,0.0,0.0,0.0,0.0
5/19/2023,1.34977,1.35218,1.34686,1.34977,1.34977,0,0.0,0.0,0.0,0.0,0.0
5/22/2023,1.3488,1.35173,1.34854,1.3488,1.3488,0,0.0,0.0,0.0,0.0,0.0
5/23/2023,1.35029,1.35475,1.3484,1.35029,1.35029,0,0.0,0.0,0.0,0.0,0.0
5/24/2023,1.34994,1.3598,1.3495,1.34994,1.34994,0,0.0,0.0,0.0,0.0,0.0
5/25/2023,1.35885,1.36443,1.3586,1.35885,1.35885,0,0.0,0.0,0.0,0.0,0.0
5/26/2023,1.36432,1.36528,1.36008,1.36432,1.36432,0,0.0,0.0,0.0,0.0,0.0
5/29/2023,1.3609,1.36129,1.3581,1.3609,1.3609,0,0.0,0.0,0.0,0.0,0.0
5/30/2023,1.3601,1.36127,1.35675,1.3601,1.3601,0,0.0,0.0,0.0,0.0,0.0
5/31/2023,1.35997,1.36507,1.35724,1.35997,1.35997,0,0.0,0.0,0.0,0.0,0.0
6/1/2023,1.3566,1.35845,1.344,1.3566,1.3566,0,0.0,0.0,0.0,0.0,0.0
6/2/2023,1.3443,1.34493,1.3407,1.3443,1.3443,0,0.0,0.0,0.0,0.0,0.0
6/5/2023,1.34283,1.34609,1.34201,1.34283,1.34283,0,0.0,0.0,0.0,0.0,0.0
6/6/2023,1.3448,1.34515,1.33932,1.3448,1.3448,0,0.0,0.0,0.0,0.0,0.0
6/7/2023,1.33986,1.34252,1.33256,1.33986,1.33986,0,0.0,0.0,0.0,0.0,0.0
6/8/2023,1.33716,1.33863,1.3333,1.33716,1.33716,0,0.0,0.0,0.0,0.0,0.0
6/9/2023,1.3362,1.33703,1.33129,1.3362,1.3362,0,0.0,0.0,0.0,0.0,0.0
6/12/2023,1.33368,1.33826,1.33152,1.33368,1.33368,0,0.0,0.0,0.0,0.0,0.0
6/13/2023,1.3363,1.33776,1.32873,1.3363,1.3363,0,0.0,0.0,0.0,0.0,0.0
6/14/2023,1.33147,1.33188,1.3275,1.33147,1.33147,0,0.0,0.0,0.0,0.0,0.0
6/15/2023,1.33264,1.33539,1.32283,1.33264,1.33264,0,0.0,0.0,0.0,0.0,0.0
6/16/2023,1.32219,1.32387,1.31882,1.32219,1.32219,0,0.0,0.0,0.0,0.0,0.0
6/19/2023,1.3198,1.32281,1.3179,1.3198,1.3198,0,0.0,0.0,0.0,0.0,0.0
6/20/2023,1.32095,1.32691,1.3204,1.32095,1.32095,0,0.0,0.0,0.0,0.0,0.0
6/21/2023,1.32256,1.32448,1.31755,1.32256,1.32256,0,0.0,0.0,0.0,0.0,0.0
6/22/2023,1.3161,1.31778,1.3139,1.3161,1.3161,0,0.0,0.0,0.0,0.0,0.0
6/23/2023,1.31459,1.3225,1.3142,1.31459,1.31459,0,0.0,0.0,0.0,0.0,0.0
6/26/2023,1.31647,1.31758,1.3138,1.31647,1.31647,0,0.0,0.0,0.0,0.0,0.0
6/27/2023,1.315,1.31874,1.31164,1.315,1.315,0,0.0,0.0,0.0,0.0,0.0
6/28/2023,1.31977,1.32742,1.31901,1.31977,1.31977,0,0.0,0.0,0.0,0.0,0.0
6/29/2023,1.32518,1.32843,1.324,1.32518,1.32518,0,0.0,0.0,0.0,0.0,0.0
6/30/2023,1.325,1.32822,1.32078,1.325,1.325,0,0.0,0.0,0.0,0.0,0.0
7/3/2023,1.325,1.32728,1.32306,1.325,1.325,0,0.0,0.0,0.0,0.0,0.0
7/4/2023,1.3248,1.32559,1.3205,1.3248,1.3248,0,0.0,0.0,0.0,0.0,0.0
7/5/2023,1.32235,1.32925,1.3218,1.32235,1.32235,0,0.0,0.0,0.0,0.0,0.0
7/6/2023,1.32859,1.3369,1.32752,1.32859,1.32859,0,0.0,0.0,0.0,0.0,0.0
7/7/2023,1.33654,1.33856,1.32853,1.33654,1.33654,0,0.0,0.0,0.0,0.0,0.0
7/10/2023,1.3278,1.33022,1.32689,1.3278,1.3278,0,0.0,0.0,0.0,0.0,0.0
7/11/2023,1.3274,1.32893,1.32456,1.3274,1.3274,0,0.0,0.0,0.0,0.0,0.0
7/12/2023,1.32277,1.32332,1.31447,1.32277,1.32277,0,0.0,0.0,0.0,0.0,0.0
7/13/2023,1.31828,1.31931,1.31071,1.31828,1.31828,0,0.0,0.0,0.0,0.0,0.0
7/14/2023,1.31125,1.32045,1.3091,1.31125,1.31125,0,0.0,0.0,0.0,0.0,0.0
7/17/2023,1.3225,1.32296,1.3161,1.3225,1.3225,0,0.0,0.0,0.0,0.0,0.0
7/18/2023,1.32015,1.32408,1.31673,1.32015,1.32015,0,0.0,0.0,0.0,0.0,0.0
7/19/2023,1.31662,1.31928,1.31564,1.31662,1.31662,0,0.0,0.0,0.0,0.0,0.0
7/20/2023,1.3163,1.31939,1.3118,1.3163,1.3163,0,0.0,0.0,0.0,0.0,0.0
7/21/2023,1.31742,1.3226,1.3154,1.31742,1.31742,0,0.0,0.0,0.0,0.0,0.0
7/24/2023,1.3224,1.32276,1.31542,1.3224,1.3224,0,0.0,0.0,0.0,0.0,0.0
7/25/2023,1.31746,1.32095,1.31466,1.31746,1.31746,0,0.0,0.0,0.0,0.0,0.0
7/26/2023,1.31871,1.32352,1.3172,1.31871,1.31871,0,0.0,0.0,0.0,0.0,0.0
7/27/2023,1.32046,1.32039,1.3158,1.32046,1.32046,0,0.0,0.0,0.0,0.0,0.0
7/28/2023,1.3227,1.32473,1.32061,1.3227,1.3227,0,0.0,0.0,0.0,0.0,0.0
7/31/2023,1.3251,1.32609,1.3149,1.3251,1.3251,0,0.0,0.0,0.0,0.0,0.0
8/1/2023,1.3192,1.32992,1.31859,1.3192,1.3192,0,0.0,0.0,0.0,0.0,0.0
8/2/2023,1.32685,1.33474,1.32709,1.32685,1.32685,0,0.0,0.0,0.0,0.0,0.0
8/3/2023,1.33434,1.33772,1.33342,1.33434,1.33434,0,0.0,0.0,0.0,0.0,0.0
8/4/2023,1.33506,1.33924,1.3335,1.33506,1.33506,0,0.0,0.0,0.0,0.0,0.0
8/7/2023,1.3373,1.33985,1.33558,1.3373,1.3373,0,0.0,0.0,0.0,0.0,0.0
8/8/2023,1.33712,1.35008,1.3365,1.33712,1.33712,0,0.0,0.0,0.0,0.0,0.0
8/9/2023,1.3425,1.34539,1.3404,1.3425,1.3425,0,0.0,0.0,0.0,0.0,0.0
8/10/2023,1.34188,1.34225,1.33752,1.34188,1.34188,0,0.0,0.0,0.0,0.0,0.0
8/11/2023,1.34448,1.34643,1.3413,1.34448,1.34448,0,0.0,0.0,0.0,0.0,0.0
8/14/2023,1.34398,1.34782,1.3437,1.34398,1.34398,0,0.0,0.0,0.0,0.0,0.0
8/15/2023,1.34588,1.34997,1.3441,1.34588,1.34588,0,0.0,0.0,0.0,0.0,0.0
8/16/2023,1.34901,1.35252,1.3473,1.34901,1.34901,0,0.0,0.0,0.0,0.0,0.0
8/17/2023,1.35366,1.35507,1.34968,1.35366,1.35366,0,0.0,0.0,0.0,0.0,0.0
8/18/2023,1.35452,1.3574,1.35246,1.35452,1.35452,0,0.0,0.0,0.0,0.0,0.0
8/21/2023,1.35416,1.3573,1.3496,1.35416,1.35416,0,0.0,0.0,0.0,0.0,0.0
8/22/2023,1.3543,1.35637,1.3512,1.3543,1.3543,0,0.0,0.0,0.0,0.0,0.0
8/23/2023,1.35501,1.36031,1.3531,1.35501,1.35501,0,0.0,0.0,0.0,0.0,0.0
8/24/2023,1.35237,1.35866,1.35098,1.35237,1.35237,0,0.0,0.0,0.0,0.0,0.0
8/25/2023,1.35868,1.36392,1.3568,1.35868,1.35868,0,0.0,0.0,0.0,0.0,0.0
8/28/2023,1.3594,1.36108,1.35706,1.3594,1.3594,0,0.0,0.0,0.0,0.0,0.0
8/29/2023,1.36011,1.3636,1.35784,1.36011,1.36011,0,0.0,0.0,0.0,0.0,0.0
8/30/2023,1.35589,1.35762,1.35132,1.35589,1.35589,0,0.0,0.0,0.0,0.0,0.0
8/31/2023,1.35353,1.35572,1.35152,1.35353,1.35353,0,0.0,0.0,0.0,0.0,0.0
9/1/2023,1.35097,1.35919,1.349,1.35097,1.35097,0,0.0,0.0,0.0,0.0,0.0
9/4/2023,1.35945,1.36044,1.35756,1.35945,1.35945,0,0.0,0.0,0.0,0.0,0.0
9/5/2023,1.35987,1.36689,1.35963,1.35987,1.35987,0,0.0,0.0,0.0,0.0,0.0
9/6/2023,1.36389,1.36727,1.36235,1.36389,1.36389,0,0.0,0.0,0.0,0.0,0.0
9/7/2023,1.3639,1.36825,1.36324,1.3639,1.3639,0,0.0,0.0,0.0,0.0,0.0
9/8/2023,1.36835,1.36882,1.36077,1.36835,1.36835,0,0.0,0.0,0.0,0.0,0.0
9/11/2023,1.3627,1.36338,1.35636,1.3627,1.3627,0,0.0,0.0,0.0,0.0,0.0
9/12/2023,1.35787,1.35922,1.3543,1.35787,1.35787,0,0.0,0.0,0.0,0.0,0.0
9/13/2023,1.3551,1.35774,1.35209,1.3551,1.3551,0,0.0,0.0,0.0,0.0,0.0
9/14/2023,1.35525,1.35529,1.35016,1.35525,1.35525,0,0.0,0.0,0.0,0.0,0.0
9/15/2023,1.35148,1.35485,1.3493,1.35148,1.35148,0,0.0,0.0,0.0,0.0,0.0
9/18/2023,1.35219,1.3527,1.34718,1.35219,1.35219,0,0.0,0.0,0.0,0.0,0.0
9/19/2023,1.3487,1.34876,1.33876,1.3487,1.3487,0,0.0,0.0,0.0,0.0,0.0
9/20/2023,1.34427,1.34641,1.33955,1.34427,1.34427,0,0.0,0.0,0.0,0.0,0.0
9/21/2023,1.34767,1.35222,1.347,1.34767,1.34767,0,0.0,0.0,0.0,0.0,0.0
9/22/2023,1.34775,1.34827,1.34245,1.34775,1.34775,0,0.0,0.0,0.0,0.0,0.0
9/25/2023,1.3477,1.34913,1.34541,1.3477,1.3477,0,0.0,0.0,0.0,0.0,0.0
9/26/2023,1.34504,1.3515,1.3447,1.34504,1.34504,0,0.0,0.0,0.0,0.0,0.0
9/27/2023,1.35196,1.35366,1.35019,1.35196,1.35196,0,0.0,0.0,0.0,0.0,0.0
9/28/2023,1.3501,1.35135,1.34739,1.3501,1.3501,0,0.0,0.0,0.0,0.0,0.0
9/29/2023,1.3491,1.35382,1.34173,1.3491,1.3491,0,0.0,0.0,0.0,0.0,0.0
10/2/2023,1.35737,1.3675,1.3562,1.35737,1.35737,0,0.0,0.0,0.0,0.0,0.0
10/3/2023,1.36763,1.37346,1.3678,1.36763,1.36763,0,0.0,0.0,0.0,0.0,0.0
10/4/2023,1.37091,1.37779,1.36913,1.37091,1.37091,0,0.0,0.0,0.0,0.0,0.0
10/5/2023,1.37442,1.37839,1.3709,1.37442,1.37442,0,0.0,0.0,0.0,0.0,0.0
10/6/2023,1.37057,1.37326,1.36518,1.37057,1.37057,0,0.0,0.0,0.0,0.0,0.0
10/9/2023,1.36611,1.36749,1.36128,1.36611,1.36611,0,0.0,0.0,0.0,0.0,0.0
10/10/2023,1.35805,1.36151,1.35696,1.35805,1.35805,0,0.0,0.0,0.0,0.0,0.0
10/11/2023,1.35836,1.36188,1.35719,1.35836,1.35836,0,0.0,0.0,0.0,0.0,0.0
10/12/2023,1.35945,1.36663,1.3578,1.35945,1.35945,0,0.0,0.0,0.0,0.0,0.0
10/13/2023,1.36838,1.36884,1.3637,1.36838,1.36838,0,0.0,0.0,0.0,0.0,0.0
10/16/2023,1.36443,1.36547,1.36124,1.36443,1.36443,0,0.0,0.0,0.0,0.0,0.0
10/17/2023,1.36144,1.37019,1.36101,1.36144,1.36144,0,0.0,0.0,0.0,0.0,0.0
10/18/2023,1.3653,1.36979,1.36178,1.3653,1.3653,0,0.0,0.0,0.0,0.0,0.0
10/19/2023,1.37138,1.37395,1.37023,1.37138,1.37138,0,0.0,0.0,0.0,0.0,0.0
10/20/2023,1.37153,1.37335,1.36713,1.37153,1.37153,0,0.0,0.0,0.0,0.0,0.0
10/23/2023,1.3703,1.37361,1.3676,1.3703,1.3703,0,0.0,0.0,0.0,0.0,0.0
10/24/2023,1.36885,1.37537,1.36616,1.36885,1.36885,0,0.0,0.0,0.0,0.0,0.0
10/25/2023,1.37416,1.38078,1.37302,1.37416,1.37416,0,0.0,0.0,0.0,0.0,0.0
10/26/2023,1.38029,1.38371,1.37895,1.38029,1.38029,0,0.0,0.0,0.0,0.0,0.0
10/27/2023,1.3814,1.38676,1.3795,1.3814,1.3814,0,0.0,0.0,0.0,0.0,0.0
10/30/2023,1.38634,1.38659,1.38151,1.38634,1.38634,0,0.0,0.0,0.0,0.0,0.0
10/31/2023,1.38286,1.38841,1.38139,1.38286,1.38286,0,0.0,0.0,0.0,0.0,0.0
11/1/2023,1.38766,1.38915,1.38424,1.38766,1.38766,0,0.0,0.0,0.0,0.0,0.0
11/2/2023,1.38344,1.38512,1.37697,1.38344,1.38344,0,0.0,0.0,0.0,0.0,0.0
11/3/2023,1.3747,1.37597,1.36659,1.3747,1.3747,0,0.0,0.0,0.0,0.0,0.0
11/6/2023,1.36606,1.36833,1.3629,1.36606,1.36606,0,0.0,0.0,0.0,0.0,0.0
11/7/2023,1.36973,1.37732,1.3692,1.36973,1.36973,0,0.0,0.0,0.0,0.0,0.0
11/8/2023,1.37685,1.38038,1.3755,1.37685,1.37685,0,0.0,0.0,0.0,0.0,0.0
11/9/2023,1.37932,1.38063,1.37472,1.37932,1.37932,0,0.0,0.0,0.0,0.0,0.0
11/10/2023,1.3807,1.38545,1.3791,1.3807,1.3807,0,0.0,0.0,0.0,0.0,0.0
11/13/2023,1.37989,1.38306,1.37777,1.37989,1.37989,0,0.0,0.0,0.0,0.0,0.0
11/14/2023,1.38015,1.38428,1.37086,1.38015,1.38015,0,0.0,0.0,0.0,0.0,0.0
11/15/2023,1.36994,1.37096,1.36553,1.36994,1.36994,0,0.0,0.0,0.0,0.0,0.0
11/16/2023,1.36834,1.37755,1.3677,1.36834,1.36834,0,0.0,0.0,0.0,0.0,0.0
11/17/2023,1.37521,1.37695,1.37084,1.37521,1.37521,0,0.0,0.0,0.0,0.0,0.0
11/20/2023,1.3719,1.37477,1.36901,1.3719,1.3719,0,0.0,0.0,0.0,0.0,0.0
11/21/2023,1.37241,1.37307,1.3679,1.37241,1.37241,0,0.0,0.0,0.0,0.0,0.0
11/22/2023,1.3701,1.37641,1.36904,1.3701,1.3701,0,0.0,0.0,0.0,0.0,0.0
11/23/2023,1.36925,1.371,1.36512,1.36925,1.36925,0,0.0,0.0,0.0,0.0,0.0
11/24/2023,1.3695,1.37112,1.3594,1.3695,1.3695,0,0.0,0.0,0.0,0.0,0.0
11/27/2023,1.36305,1.36605,1.36226,1.36305,1.36305,0,0.0,0.0,0.0,0.0,0.0
11/28/2023,1.3607,1.36111,1.35623,1.3607,1.3607,0,0.0,0.0,0.0,0.0,0.0
11/29/2023,1.3563,1.36128,1.35417,1.3563,1.3563,0,0.0,0.0,0.0,0.0,0.0
11/30/2023,1.35902,1.36254,1.35528,1.35902,1.35902,0,0.0,0.0,0.0,0.0,0.0
12/1/2023,1.35565,1.35546,1.3494,1.35565,1.35565,0,0.0,0.0,0.0,0.0,0.0
12/4/2023,1.34887,1.35616,1.34874,1.34887,1.34887,0,0.0,0.0,0.0,0.0,0.0
12/5/2023,1.3539,1.35909,1.3536,1.3539,1.3539,0,0.0,0.0,0.0,0.0,0.0
12/6/2023,1.3591,1.35918,1.35495,1.3591,1.3591,0,0.0,0.0,0.0,0.0,0.0
12/7/2023,1.35918,1.36177,1.35721,1.35918,1.35918,0,0.0,0.0,0.0,0.0,0.0
12/8/2023,1.35986,1.36063,1.3551,1.35986,1.35986,0,0.0,0.0,0.0,0.0,0.0
12/11/2023,1.35808,1.36041,1.355,1.35808,1.35808,0,0.0,0.0,0.0,0.0,0.0
12/12/2023,1.3578,1.36147,1.35487,1.3578,1.3578,0,0.0,0.0,0.0,0.0,0.0
12/13/2023,1.3585,1.3608,1.355,1.3585,1.3585,0,0.0,0.0,0.0,0.0,0.0
12/14/2023,1.35081,1.35099,1.3404,1.35081,1.35081,0,0.0,0.0,0.0,0.0,0.0
12/15/2023,1.3407,1.34139,1.33539,1.3407,1.3407,0,0.0,0.0,0.0,0.0,0.0
12/18/2023,1.33816,1.34089,1.33495,1.33816,1.33816,0,0.0,0.0,0.0,0.0,0.0
12/19/2023,1.33978,1.33996,1.3333,1.33978,1.33978,0,0.0,0.0,0.0,0.0,0.0
12/20/2023,1.33342,1.33528,1.33155,1.33342,1.33342,0,0.0,0.0,0.0,0.0,0.0
12/21/2023,1.33582,1.33592,1.32919,1.33582,1.33582,0,0.0,0.0,0.0,0.0,0.0
12/22/2023,1.32839,1.32922,1.32208,1.32839,1.32839,0,0.0,0.0,0.0,0.0,0.0
12/25/2023,1.32568,1.3289,1.31746,1.32568,1.32568,0,0.0,0.0,0.0,0.0,0.0
12/26/2023,1.325,1.32613,1.3201,1.325,1.325,0,0.0,0.0,0.0,0.0,0.0
12/27/2023,1.31952,1.32119,1.31786,1.31952,1.31952,0,0.0,0.0,0.0,0.0,0.0
12/28/2023,1.3202,1.32318,1.31817,1.3202,1.3202,0,0.0,0.0,0.0,0.0,0.0
12/29/2023,1.32296,1.32637,1.31793,1.32296,1.32296,0,0.0,0.0,0.0,0.0,0.0
1/1/2024,1.32392,1.3249,1.32392,1.32392,1.32392,0,0.3386176526546478,0.19061702489852905,0.1607603132724762,0.14482268691062927,0.16518230736255646
1/2/2024,1.3242,1.3327,1.32286,1.3242,1.3242,0,0.35896170139312744,0.1657002866268158,0.15141144394874573,0.15663960576057434,0.16728699207305908
1/3/2024,1.3322,1.33658,1.3316,1.3322,1.3322,0,0.3204116225242615,0.18355615437030792,0.16427454352378845,0.15967802703380585,0.1720796525478363
1/4/2024,1.33477,1.33646,1.3317,1.33477,1.33477,0,0.3686304986476898,0.17296729981899261,0.16454042494297028,0.13879556953907013,0.15506619215011597
1/5/2024,1.3355,1.33977,1.32888,1.3355,1.3355,0,0.35966670513153076,0.17103645205497742,0.15157340466976166,0.15596771240234375,0.1617557257413864
1/8/2024,1.33598,1.34046,1.33447,1.33598,1.33598,0,0.3225812613964081,0.15057899057865143,0.14980977773666382,0.18779884278774261,0.18923109769821167
1/9/2024,1.3349,1.3413,1.334,1.3349,1.3349,0,0.35066163539886475,0.1793297380208969,0.15890605747699738,0.14427267014980316,0.16682986915111542
1/10/2024,1.33892,1.33938,1.33657,1.33892,1.33892,0,0.29924339056015015,0.16026659309864044,0.1771191656589508,0.174774169921875,0.1885966807603836
1/11/2024,1.33785,1.34423,1.3342,1.33785,1.33785,0,0.33630698919296265,0.16927145421504974,0.1591755747795105,0.1601032316684723,0.17514273524284363
1/12/2024,1.33799,1.34035,1.33447,1.33799,1.33799,0,0.3418724536895752,0.19728747010231018,0.17659904062747955,0.1493137925863266,0.13492724299430847
1/15/2024,1.34094,1.34474,1.3404,1.34094,1.34094,0,0.28168877959251404,0.17748357355594635,0.16844327747821808,0.17575079202651978,0.19663356244564056
1/16/2024,1.34358,1.35,1.3434,1.34358,1.34358,0,0.3005921542644501,0.18425825238227844,0.16109341382980347,0.16869919002056122,0.1853569597005844
1/17/2024,1.349,1.35404,1.34807,1.349,1.349,0,0.3223658502101898,0.18546009063720703,0.17181025445461273,0.16275840997695923,0.1576053500175476
1/18/2024,1.35028,1.35237,1.34803,1.35028,1.35028,0,0.31748953461647034,0.1671845018863678,0.1670248657464981,0.1703004539012909,0.17800062894821167
1/19/2024,1.34862,1.35015,1.34542,1.34862,1.34862,0,0.31426531076431274,0.17438222467899323,0.167098730802536,0.17829422652721405,0.16595950722694397
1/22/2024,1.34316,1.34583,1.3414,1.34316,1.34316,0,0.24711735546588898,0.16008464992046356,0.16698616743087769,0.20496246218681335,0.22084933519363403
1/23/2024,1.34779,1.34914,1.3451,1.34779,1.34779,0,0.2879539132118225,0.17036846280097961,0.17007765173912048,0.18200825154781342,0.18959170579910278
1/24/2024,1.3456,1.34942,1.34294,1.3456,1.3456,0,0.24384473264217377,0.1566695272922516,0.17733760178089142,0.20467564463615417,0.21747250854969025
1/25/2024,1.35254,1.35338,1.34874,1.35254,1.35254,0,0.34223800897598267,0.17152979969978333,0.15668196976184845,0.157027468085289,0.17252270877361298
1/26/2024,1.34777,1.34827,1.34154,1.34777,1.34777,0,0.26067882776260376,0.16031794250011444,0.16651372611522675,0.19401250779628754,0.2184770256280899
1/29/2024,1.3454,1.34646,1.3425,1.3454,1.3454,0,0.2886810898780823,0.1489320993423462,0.146043598651886,0.19349373877048492,0.22284944355487823
1/30/2024,1.34114,1.34454,1.3397,1.34114,1.34114,0,0.42185336351394653,0.18766795098781586,0.1497538834810257,0.12712806463241577,0.11359678953886032
1/31/2024,1.34017,1.34361,1.33595,1.34017,1.34017,0,0.276200532913208,0.1477845460176468,0.1606677621603012,0.2054854929447174,0.2098616510629654
2/1/2024,1.34355,1.34627,1.3378,1.34355,1.34355,0,0.27422910928726196,0.15474463999271393,0.17062914371490479,0.18999674916267395,0.21040035784244537
2/2/2024,1.3383,1.3475,1.3364,1.3383,1.3383,0,0.2781989574432373,0.16621939837932587,0.17383316159248352,0.19618234038352966,0.18556614220142365
2/5/2024,1.34701,1.35434,1.3465,1.34701,1.34701,0,0.25711897015571594,0.17251116037368774,0.16672343015670776,0.19689932465553284,0.2067471146583557
2/6/2024,1.3543,1.35432,1.34989,1.3543,1.3543,0,0.2763109803199768,0.1555260270833969,0.15469114482402802,0.2006152719259262,0.21285653114318848
2/7/2024,1.34893,1.3493,1.34551,1.34893,1.34893,0,0.28343260288238525,0.16487766802310944,0.17165744304656982,0.1867685765028,0.1932637244462967
2/8/2024,1.3464,1.34912,1.3447,1.3464,1.3464,0,0.2870813012123108,0.15150509774684906,0.16023118793964386,0.18306240439414978,0.21811999380588531
2/9/2024,1.346,1.34804,1.34142,1.346,1.346,0,0.27353960275650024,0.17815424501895905,0.17380677163600922,0.19683142006397247,0.17766791582107544
2/12/2024,1.34578,1.34746,1.3436,1.34578,1.34578,0,0.32920369505882263,0.16828113794326782,0.1542230248451233,0.16685494780540466,0.1814371943473816
2/13/2024,1.34553,1.35759,1.34354,1.34553,1.34553,0,0.3562505841255188,0.17239642143249512,0.15295931696891785,0.15319795906543732,0.16519570350646973
2/14/2024,1.35658,1.35713,1.353,1.35658,1.35658,0,0.33935683965682983,0.18995609879493713,0.16420049965381622,0.14918436110019684,0.15730218589305878
2/15/2024,1.35387,1.35506,1.34769,1.35387,1.35387,0,0.3285108506679535,0.17340391874313354,0.17361056804656982,0.164070725440979,0.16040395200252533
2/16/2024,1.34653,1.35057,1.3463,1.34653,1.34653,0,0.3479193449020386,0.17698077857494354,0.16789889335632324,0.15231244266033173,0.1548885852098465
2/19/2024,1.34775,1.34956,1.3466,1.34778,1.34778,0,0.27941733598709106,0.19192592799663544,0.1827239990234375,0.1698673814535141,0.1760653257369995
2/20/2024,1.3498,1.35294,1.34723,1.3498,1.3498,0,0.3677346408367157,0.1997067630290985,0.16351932287216187,0.14161662757396698,0.12742266058921814
2/21/2024,1.35219,1.35353,1.35015,1.35219,1.35219,0,0.36996594071388245,0.19436602294445038,0.16125407814979553,0.14927847683429718,0.12513545155525208
2/22/2024,1.3497,1.3507,1.34398,1.3497,1.3497,0,0.31995025277137756,0.17017661035060883,0.1627424955368042,0.1732345074415207,0.17389613389968872
2/23/2024,1.34814,1.35161,1.3459,1.34814,1.34814,0,0.32260191440582275,0.16779662668704987,0.16128215193748474,0.17258019745349884,0.175739124417305
2/26/2024,1.35103,1.3528,1.35,1.35072,1.35072,0,0.2811550796031952,0.16350802779197693,0.16425348818302155,0.1892027109861374,0.20188073813915253
2/27/2024,1.35013,1.35363,1.34849,1.35013,1.35013,0,0.3349277377128601,0.16312667727470398,0.15533368289470673,0.1668051779270172,0.17980675399303436
2/28/2024,1.35317,1.36045,1.3526,1.35317,1.35317,0,0.2855837643146515,0.16068419814109802,0.16178418695926666,0.18077054619789124,0.2111773043870926
2/29/2024,1.35775,1.35973,1.35421,1.35775,1.35775,0,0.3443204164505005,0.17925895750522614,0.15695151686668396,0.15588505566120148,0.16358406841754913
3/1/2024,1.35737,1.35998,1.35456,1.35737,1.35737,0,0.3077690601348877,0.17582707107067108,0.17001983523368835,0.1601770669221878,0.18620698153972626
3/4/2024,1.35524,1.35827,1.3544,1.35524,1.35524,0,0.3165377974510193,0.1618034839630127,0.16230490803718567,0.18130894005298615,0.1780448704957962
3/5/2024,1.3572,1.36046,1.35568,1.3572,1.3572,0,0.3305377662181854,0.1801239252090454,0.17246605455875397,0.16116482019424438,0.1557074785232544
3/6/2024,1.359,1.35995,1.35058,1.359,1.359,0,0.3263789713382721,0.18926307559013367,0.17807935178279877,0.15831546485424042,0.14796313643455505
3/7/2024,1.35127,1.35251,1.34634,1.35127,1.35127,0,0.3529708683490753,0.1838906705379486,0.16080892086029053,0.15036943554878235,0.15196019411087036
3/8/2024,1.3452,1.34765,1.34227,1.3452,1.3452,0,0.30264854431152344,0.17208558320999146,0.16399534046649933,0.1691741943359375,0.19209635257720947
3/11/2024,1.34845,1.35089,1.3469,1.34845,1.34845,0,0.2847137153148651,0.16844147443771362,0.15229327976703644,0.17723305523395538,0.21731849014759064
3/12/2024,1.34775,1.35243,1.3465,1.34775,1.34775,0,0.38783174753189087,0.1900738924741745,0.14946365356445312,0.13074876368045807,0.14188197255134583
3/13/2024,1.34931,1.34981,1.346,1.34931,1.34931,0,0.3018084764480591,0.19286255538463593,0.18630650639533997,0.16954636573791504,0.14947614073753357
3/14/2024,1.34663,1.35339,1.3459,1.34663,1.34663,0,0.2986510396003723,0.1756061464548111,0.16310760378837585,0.18525376915931702,0.1773814707994461
3/15/2024,1.35377,1.35491,1.351,1.35377,1.35377,0,0.3829875588417053,0.17015735805034637,0.1503903716802597,0.14764437079429626,0.14882038533687592
3/18/2024,1.35461,1.35504,1.352,1.35461,1.35461,0,0.2905729115009308,0.16681285202503204,0.17184443771839142,0.19428549706935883,0.17648431658744812
3/19/2024,1.35348,1.36121,1.3533,1.35348,1.35348,0,0.3106471300125122,0.16344121098518372,0.17218400537967682,0.18079015612602234,0.1729375272989273
3/20/2024,1.35731,1.36046,1.35634,1.35731,1.35731,0,0.43852823972702026,0.18354810774326324,0.13521996140480042,0.12223343551158905,0.12047025561332703
3/21/2024,1.34719,1.35408,1.34574,1.34719,1.34719,0,0.3120101988315582,0.17318210005760193,0.18115957081317902,0.17112703621387482,0.1625211089849472
3/22/2024,1.3527,1.36059,1.3518,1.3527,1.3527,0,0.34497666358947754,0.1644529402256012,0.14599046111106873,0.16096480190753937,0.18361511826515198
3/25/2024,1.36115,1.36132,1.35711,1.36115,1.36115,0,0.2774517834186554,0.1796051412820816,0.1746770143508911,0.17555521428585052,0.19271086156368256
3/26/2024,1.35846,1.3589,1.35525,1.35846,1.35846,0,0.36269262433052063,0.1859487146139145,0.1585184782743454,0.1439974308013916,0.14884276688098907
3/27/2024,1.3581,1.36077,1.35728,1.3581,1.3581,0,0.26988282799720764,0.1597626954317093,0.15774458646774292,0.19709321856498718,0.21551668643951416
3/28/2024,1.3586,1.36128,1.35313,1.3586,1.3586,0,0.31245529651641846,0.1622193604707718,0.15291865170001984,0.17279207706451416,0.19961456954479218
3/29/2024,1.3536,1.35545,1.3533,1.3536,1.3536,0,0.3328843414783478,0.17241105437278748,0.15997548401355743,0.16633673012256622,0.16839243471622467
4/1/2024,1.35219,1.35845,1.3515,1.35219,1.35219,0,0.37327393889427185,0.17719154059886932,0.14967630803585052,0.14773403108119965,0.15212418138980865
4/2/2024,1.35737,1.35844,1.35565,1.35737,1.35737,0,0.3467077910900116,0.17867505550384521,0.17164276540279388,0.155203714966774,0.1477707177400589
4/3/2024,1.35643,1.35884,1.35125,1.35643,1.35643,0,0.37434858083724976,0.1842338740825653,0.1574191153049469,0.14597852528095245,0.13801990449428558
4/4/2024,1.35238,1.35275,1.3478,1.35238,1.35238,0,0.2943158447742462,0.17189930379390717,0.17066366970539093,0.17886236310005188,0.1842588484287262
4/5/2024,1.35445,1.36466,1.354,1.35445,1.35445,0,0.30829116702079773,0.15428166091442108,0.1563231647014618,0.1909635365009308,0.1901404708623886
4/8/2024,1.36041,1.36163,1.35699,1.36041,1.36041,0,0.3294466435909271,0.177657350897789,0.17115744948387146,0.16459307074546814,0.15714551508426666
4/9/2024,1.35708,1.35984,1.35472,1.35708,1.35708,0,0.3242131769657135,0.16819234192371368,0.15672491490840912,0.16573846340179443,0.18513108789920807
4/10/2024,1.35729,1.36947,1.35574,1.35729,1.35729,0,0.3153810501098633,0.15530283749103546,0.14914196729660034,0.18206341564655304,0.19811072945594788
4/11/2024,1.3687,1.37255,1.3662,1.3687,1.3687,0,0.26685717701911926,0.13295873999595642,0.1495656669139862,0.19103290140628815,0.2595854699611664
4/12/2024,1.36869,1.37709,1.36821,1.36869,1.36869,0,0.373368501663208,0.16218562424182892,0.132459819316864,0.16416862607002258,0.1678173989057541
4/15/2024,1.3758,1.37801,1.37254,1.3758,1.3758,0,0.24825091660022736,0.14766626060009003,0.15619279444217682,0.18916453421115875,0.25872552394866943
4/16/2024,1.37863,1.38455,1.3773,1.37863,1.37863,0,0.33132052421569824,0.18041059374809265,0.16221526265144348,0.15827354788780212,0.1677801012992859
4/17/2024,1.38188,1.38357,1.37828,1.38188,1.38188,0,0.3290424346923828,0.1575552076101303,0.1401590257883072,0.16900427639484406,0.20423908531665802
4/18/2024,1.37718,1.37747,1.37266,1.37718,1.37718,0,0.3400205969810486,0.19393259286880493,0.16748087108135223,0.15515045821666718,0.14341546595096588
4/19/2024,1.37693,1.38026,1.3725,1.37693,1.37693,0,0.3525494933128357,0.16832682490348816,0.14769932627677917,0.1507304459810257,0.18069389462471008
4/22/2024,1.3738,1.3749,1.371,1.3739,1.3739,0,0.0,0.0,0.0,0.0,0.0
4/23/2024,1.36966,1.37142,1.3651,1.3666,1.3666,0,0.0,0.0,0.0,0.0,0.0
